fecha_hora,imagen,actividad,region,etiqueta_roi,diagnostico,metodo,parametros,n_px,media,desvio,mediana,sigma_mad,estimacion_ruido,metrica_antes,metrica_despues,resultados,observaciones
2026-09-20T23:41:07,Retina1,Medición,Imagen completa (sin marco),,,Estadísticas de la región,,290521,84.0009,25.7051,80.0000,22.2390,,,,varianza=660.7544; mad=15.0000,
2026-09-20T23:41:38,Retina1,Medición,ROI 1,fondo1,,Estadísticas de la región,,792,104.9053,4.9605,105.0000,5.9304,,,,varianza=24.6067; mad=4.0000,
2026-09-20T23:42:06,Retina1_gris,1 - Diagnóstico,Imagen completa,,,Diagnóstico,tamano=539x539; sin_marco=True; ventana=7; wavelet=db2; niveles=3,290521,84.0009,25.7051,80.0000,22.2390,,,,rango_p1_p99=130.0000; sigma_wavelet=0.5560; sigma_wavelet_sobre_rango=0.0043; sigma_diferencias_mad=1.0484; curtosis_diferencias=10.2018; fraccion_impulsos=0.0000; pico_fft_prominencia=1.6335; pico_fft_periodo_px=2.0336; relacion_altas_medias=0.2237; autocorr_lag1_x=0.9812; autocorr_lag1_y=0.9896; autocorr_ancho_medio_x=29; autocorr_ancho_medio_y=104; fondo_borde_centro=0.9105; variabilidad_local_media=4.8053,resultados\diagnostico_Retina1_gris_Imagencompleta.png
2026-09-20T23:42:37,Retina1,2 - Estimación de ruido,ROI 1,fondo1,,Coeficientes wavelet,sin_marco=True; wavelet=db2,,,,,,0.6883,,,sigma_sobre_rango=0.0053; fraccion_impulsos=0.0000; sigma_dif_locales_en_roi=2.0967; sigma_por_roi_homogenea=4.9605; sigma_por_multiples_rois=4.1724; sigma_por_mad=5.9304; sigma_por_diferencias_locales=2.0967,resultados\ruido_Retina1_coeficientes_wavelet.png
2026-09-20T23:44:14,Retina1,2 - Estimación de ruido,ROI 1,fondo1,,MAD,sin_marco=True,792,104.9053,4.9605,105.0000,5.9304,5.9304,,,sigma_sobre_rango=0.0456; mad=4.0000; fraccion_impulsos=0.0000; sigma_dif_locales_en_roi=2.0967; sigma_por_roi_homogenea=4.9605; sigma_por_multiples_rois=4.1724; sigma_por_diferencias_locales=2.0967; sigma_por_coeficientes_wavelet=0.7413,resultados\ruido_Retina1_mad.png
2026-09-20T23:46:16,Retina1,Pipeline,,,Sin degradación (referencia),Ninguno (imagen de referencia),,,,,,,"σ_wavelet≈0.5 y evaluando con MAD se ve un resultado mayor resultado de textura, no de ruido como vemos en coeficientes wavelet",,,,Ruido blanco despreciable. Se usa como referencia del set.
2026-09-21T00:51:12,Retina2,Medición,Imagen completa (sin marco),,,Estadísticas de la región,,290521,84.0009,25.7051,80.0000,22.2390,,,,varianza=660.7544; mad=15.0000,
2026-09-21T00:51:17,Retina2,Medición,ROI 1,fondo1,,Estadísticas de la región,,675,105.7319,4.6326,106.0000,4.4478,,,,varianza=21.4606; mad=3.0000,
2026-09-21T00:51:17,Retina2,Medición,ROI 2,fondo2,,Estadísticas de la región,,928,66.4709,2.4612,67.0000,2.9652,,,,varianza=6.0574; mad=2.0000,
2026-09-21T00:51:31,Retina2_gris,1 - Diagnóstico,Imagen completa,,,Diagnóstico,tamano=539x539; sin_marco=True; ventana=7; wavelet=db2; niveles=3,290521,84.0009,25.7051,80.0000,22.2390,,,,rango_p1_p99=130.0000; sigma_wavelet=0.5560; sigma_wavelet_sobre_rango=0.0043; sigma_diferencias_mad=1.0484; curtosis_diferencias=10.2018; fraccion_impulsos=0.0000; pico_fft_prominencia=1.6335; pico_fft_periodo_px=2.0336; relacion_altas_medias=0.2237; autocorr_lag1_x=0.9812; autocorr_lag1_y=0.9896; autocorr_ancho_medio_x=29; autocorr_ancho_medio_y=104; fondo_borde_centro=0.9105; variabilidad_local_media=4.8053,resultados\diagnostico_Retina2_gris_Imagencompleta.png
2026-09-21T00:51:58,Retina2_gris,2 - Estimación de ruido,ROI 2,fondo2,,Coeficientes wavelet,sin_marco=True; wavelet=db2,,,,,,0.4261,,,sigma_sobre_rango=0.0033; fraccion_impulsos=0.0000; sigma_dif_locales_en_roi=1.0484; sigma_por_roi_homogenea=2.4612; sigma_por_multiples_rois=3.5415; sigma_por_mad=2.9652; sigma_por_diferencias_locales=1.0484,resultados\ruido_Retina2_gris_coeficientes_wavelet.png
2026-09-21T00:53:43,Retina2_gris,3 - Reducción de ruido,Imagen completa,,,Gaussiano,sigma_espacial=0.5000,,,,,,,sigma_wavelet=0.5560; media_roi=66.4709; desvio_roi=2.4612,sigma_wavelet=0.3286; media_roi=66.4711; desvio_roi=2.3315,tiempo_s=0.0064; residuo_media=0.0000; residuo_desvio=0.5236; capa_resultado=Retina2_gris_gaussiano; roi_medida=ROI 2 (fondo2),
2026-09-21T00:54:07,Retina2_gris_gaussiano,6 - Realce,Imagen completa,,,CLAHE,tamano_mosaico=64; limite_contraste=0.0100,,,,,,,media=84.0009; contraste_rms=25.6129; rango_p1_p99=129.1066; entropia=6.5944; sigma_wavelet=0.3286; fraccion_saturados=0.0001; snr_roi1=24.1363; snr_roi2=28.5097; cnr_roi1_roi2=11.1902,media=104.2529; contraste_rms=31.3595; rango_p1_p99=163.0851; entropia=6.9923; sigma_wavelet=1.0222; fraccion_saturados=0.0003; snr_roi1=11.2420; snr_roi2=17.0844; cnr_roi1_roi2=4.1122,razon_sigma_wavelet=3.1109; razon_contraste_rms=1.2244; razon_entropia=1.0603; correlacion_con_original=0.8604; tiempo_s=0.0403; capa_resultado=Retina2_gris_gaussiano_clahe,
2026-09-21T00:54:31,Retina2_gris_gaussiano_clahe,7 - Evaluación,Imagen completa,,,Con y sin referencia (vs Retina2_gris),sin_marco=True; rois=2,,,,,,,media=84.0009; contraste_rms=25.7051; rango_p1_p99=130.0000; sigma_wavelet=0.5560; uniformidad_global=0.5747; fondo_borde_centro=0.9105; snr_roi1=22.8236; uniformidad_roi1=0.9320; snr_roi2=27.0077; uniformidad_roi2=0.9394; cnr_roi1_roi2=10.5844; uniformidad_entre_rois=0.7720,media=104.2529; contraste_rms=31.3595; rango_p1_p99=163.0851; sigma_wavelet=1.0222; uniformidad_global=0.5104; fondo_borde_centro=0.8964; snr_roi1=11.2420; uniformidad_roi1=0.8527; snr_roi2=17.0844; uniformidad_roi2=0.9034; cnr_roi1_roi2=4.1122; uniformidad_entre_rois=0.8333,mse=662.8597; rmse=25.7461; mae=22.2484; psnr_db=19.9166; ssim=0.8430; correlacion=0.8631; rango_datos=255.0000,
2026-09-21T01:01:31,Retina2_gris,7 - Evaluación,Imagen completa,,,Sin referencia,sin_marco=True; rois=2,,,,,,,,media=84.0009; contraste_rms=25.7051; rango_p1_p99=130.0000; sigma_wavelet=0.5560; uniformidad_global=0.5747; fondo_borde_centro=0.9105; snr_roi1=22.8236; uniformidad_roi1=0.9320; snr_roi2=27.0077; uniformidad_roi2=0.9394; cnr_roi1_roi2=10.5844; uniformidad_entre_rois=0.7720,,
2026-09-21T01:04:15,Retina2,Pipeline,,,Sin degradación (referencia),"Gaussiano σ=0.5 seguido de CLAHE (clip=0.01, k=64)","gaussiano sigma=0.5; CLAHE clip_limit=0.01, kernel=64",,,,,,σ_wavelet≈0.56 (ruido despreciable),contraste_rms = 25.7051; sigma_wavelet = 0.5560,contraste_rms = 31.3595; rmse = 25.7461;  pero sigma_wavelet = 1.0222,,"Imagen idéntica a R1 (referencia), por eso se decidió en este caso hacer un realce y ver cómo podríamos obtener detalles finos. Ruido nulo: el Gaussiano σ=0.5 es un suavizado leve previo al CLAHE. "
2026-09-21T02:43:04,Retina3_gris,Medición,Imagen completa (sin marco),,,Estadísticas de la región,,290521,83.9903,27.1228,81.0000,23.7216,,,,varianza=735.6462; mad=16.0000,
2026-09-21T02:43:18,Retina3_gris,1 - Diagnóstico,Imagen completa,,,Diagnóstico,tamano=539x539; sin_marco=True; ventana=7; wavelet=db2; niveles=3,290521,83.9903,27.1228,81.0000,23.7216,,,,rango_p1_p99=136.0000; sigma_wavelet=7.1797; sigma_wavelet_sobre_rango=0.0528; sigma_diferencias_mad=8.3869; curtosis_diferencias=3.0657; fraccion_impulsos=0.0000; pico_fft_prominencia=1.5599; pico_fft_periodo_px=44.9167; relacion_altas_medias=0.5206; autocorr_lag1_x=0.8958; autocorr_lag1_y=0.9030; autocorr_ancho_medio_x=24; autocorr_ancho_medio_y=80; fondo_borde_centro=0.9113; variabilidad_local_media=10.3108,resultados\diagnostico_Retina3_gris_Imagencompleta.png
2026-09-21T02:43:58,Retina3_gris,2 - Estimación de ruido,ROI 3,blanco,,MAD,sin_marco=True,209,224.6124,9.4196,225.0000,10.3782,10.3782,,,sigma_sobre_rango=0.0763; mad=7.0000; fraccion_impulsos=0.0000; sigma_dif_locales_en_roi=8.3869; sigma_por_roi_homogenea=9.4196; sigma_por_multiples_rois=9.5474; sigma_por_diferencias_locales=8.3869; sigma_por_coeficientes_wavelet=8.8090,resultados\ruido_Retina3_gris_mad.png
2026-09-21T02:44:43,Retina3_gris,2 - Estimación de ruido,ROI 2,fondo1,,MAD,sin_marco=True,625,67.8512,9.0943,68.0000,8.8956,8.8956,,,sigma_sobre_rango=0.0654; mad=6.0000; fraccion_impulsos=0.0000; sigma_dif_locales_en_roi=8.3869; sigma_por_roi_homogenea=9.0943; sigma_por_multiples_rois=9.5474; sigma_por_diferencias_locales=8.3869; sigma_por_coeficientes_wavelet=7.2109,resultados\ruido_Retina3_gris_mad.png
2026-09-21T02:44:57,Retina3_gris,2 - Estimación de ruido,ROI 1,fondo2,,MAD,sin_marco=True,506,120.6601,10.1284,121.0000,10.3782,10.3782,,,sigma_sobre_rango=0.0763; mad=7.0000; fraccion_impulsos=0.0000; sigma_dif_locales_en_roi=8.3869; sigma_por_roi_homogenea=10.1284; sigma_por_multiples_rois=9.5474; sigma_por_diferencias_locales=8.3869; sigma_por_coeficientes_wavelet=6.4451,resultados\ruido_Retina3_gris_mad.png
2026-09-21T02:45:18,Retina3_gris,2 - Estimación de ruido,ROI 1,fondo2,,Coeficientes wavelet,sin_marco=True; wavelet=db2,,,,,,6.4451,,,sigma_sobre_rango=0.0474; fraccion_impulsos=0.0000; sigma_dif_locales_en_roi=8.3869; sigma_por_roi_homogenea=10.1284; sigma_por_multiples_rois=9.5474; sigma_por_mad=10.3782; sigma_por_diferencias_locales=8.3869,resultados\ruido_Retina3_gris_coeficientes_wavelet.png
2026-09-21T02:45:40,Retina1,3 - Reducción de ruido,Imagen completa,,,Gaussiano,sigma_espacial=1.2000,,,,,,,sigma_wavelet=0.5560; media_roi=119.9684; desvio_roi=4.5818,sigma_wavelet=0.0606; media_roi=120.0812; desvio_roi=3.6147,tiempo_s=0.0092; residuo_media=0.0000; residuo_desvio=2.1582; capa_resultado=Retina1_gaussiano; roi_medida=ROI 1 (fondo2),
2026-09-21T02:46:01,Retina3_gris,3 - Reducción de ruido,Imagen completa,,,Gaussiano,sigma_espacial=1.2000,,,,,,,sigma_wavelet=7.1797; media_roi=120.6601; desvio_roi=10.1284,sigma_wavelet=0.2038; media_roi=120.6966; desvio_roi=5.0593,tiempo_s=0.0000; residuo_media=0.0000; residuo_desvio=7.9218; capa_resultado=Retina3_gris_gaussiano; roi_medida=ROI 1 (fondo2),
2026-09-21T02:46:27,Retina3_gris,3 - Reducción de ruido,Imagen completa,,,Variación Total,peso_tv=0.0400,,,,,,,sigma_wavelet=7.1797; media_roi=120.6601; desvio_roi=10.1284,sigma_wavelet=0.2066; media_roi=120.8033; desvio_roi=4.0639,tiempo_s=0.3613; residuo_media=0.0000; residuo_desvio=8.2983; capa_resultado=Retina3_gris_variacion_total; roi_medida=ROI 1 (fondo2),
2026-09-21T02:47:01,Retina3_gris_gaussiano,7 - Evaluación,Imagen completa,,,Con y sin referencia (vs Retina1_gris),sin_marco=True; rois=3,,,,,,,media=84.0009; contraste_rms=25.7051; rango_p1_p99=130.0000; sigma_wavelet=0.5560; uniformidad_global=0.5747; fondo_borde_centro=0.9105; snr_roi1=26.1836; uniformidad_roi1=0.9372; snr_roi2=24.7589; uniformidad_roi2=0.9412; snr_roi3=41.5471; uniformidad_roi3=0.9600; cnr_roi1_roi2=13.7723; cnr_roi1_roi3=21.1232; cnr_roi2_roi3=36.7119; uniformidad_entre_rois=0.4619,media=83.9903; contraste_rms=25.3742; rango_p1_p99=126.9111; sigma_wavelet=0.2038; uniformidad_global=0.5818; fondo_borde_centro=0.9114; snr_roi1=23.8566; uniformidad_roi1=0.9328; snr_roi2=20.7219; uniformidad_roi2=0.9243; snr_roi3=53.8082; uniformidad_roi3=0.9690; cnr_roi1_roi2=12.3586; cnr_roi1_roi3=22.4520; cnr_roi2_roi3=41.7533; uniformidad_entre_rois=0.4644,mse=11.7595; rmse=3.4292; mae=2.6911; psnr_db=37.4269; ssim=0.9096; correlacion=0.9911; rango_datos=255.0000,
2026-09-21T02:47:45,Retina3_gris_variacion_total,7 - Evaluación,Imagen completa,,,Con y sin referencia (vs Retina1_gris),sin_marco=True; rois=3,,,,,,,media=84.0009; contraste_rms=25.7051; rango_p1_p99=130.0000; sigma_wavelet=0.5560; uniformidad_global=0.5747; fondo_borde_centro=0.9105; snr_roi1=26.1836; uniformidad_roi1=0.9372; snr_roi2=24.7589; uniformidad_roi2=0.9412; snr_roi3=41.5471; uniformidad_roi3=0.9600; cnr_roi1_roi2=13.7723; cnr_roi1_roi3=21.1232; cnr_roi2_roi3=36.7119; uniformidad_entre_rois=0.4619,media=83.9903; contraste_rms=25.1697; rango_p1_p99=125.7083; sigma_wavelet=0.2066; uniformidad_global=0.5889; fondo_borde_centro=0.9114; snr_roi1=29.7259; uniformidad_roi1=0.9463; snr_roi2=32.8676; uniformidad_roi2=0.9514; snr_roi3=56.3212; uniformidad_roi3=0.9701; cnr_roi1_roi2=16.3494; cnr_roi1_roi3=25.7938; cnr_roi2_roi3=49.2715; uniformidad_entre_rois=0.4651,mse=11.4931; rmse=3.3901; mae=2.5716; psnr_db=37.5264; ssim=0.9145; correlacion=0.9913; rango_datos=255.0000,
2026-09-21T02:47:57,Retina3_gris,7 - Evaluación,Imagen completa,,,Con y sin referencia (vs Retina1_gris),sin_marco=True; rois=3,,,,,,,media=84.0009; contraste_rms=25.7051; rango_p1_p99=130.0000; sigma_wavelet=0.5560; uniformidad_global=0.5747; fondo_borde_centro=0.9105; snr_roi1=26.1836; uniformidad_roi1=0.9372; snr_roi2=24.7589; uniformidad_roi2=0.9412; snr_roi3=41.5471; uniformidad_roi3=0.9600; cnr_roi1_roi2=13.7723; cnr_roi1_roi3=21.1232; cnr_roi2_roi3=36.7119; uniformidad_entre_rois=0.4619,media=83.9903; contraste_rms=27.1228; rango_p1_p99=136.0000; sigma_wavelet=7.1797; uniformidad_global=0.5318; fondo_borde_centro=0.9113; snr_roi1=11.9130; uniformidad_roi1=0.8631; snr_roi2=7.4608; uniformidad_roi2=0.7883; snr_roi3=23.8452; uniformidad_roi3=0.9318; cnr_roi1_roi2=5.4865; cnr_roi1_roi3=10.6286; cnr_roi2_roi3=16.9318; uniformidad_entre_rois=0.4640,mse=77.4306; rmse=8.7995; mae=7.0104; psnr_db=29.2417; ssim=0.5668; correlacion=0.9459; rango_datos=255.0000,
2026-09-21T02:52:26,Retina3,Pipeline,,,Ruido,"Comparamos 2: TV (Variación Total, peso=0.4) vs Gaussiano (σ=1.2)",TV peso=0.4. Gaussiano σ=1.2,,,,,,σ≈8-10 (notar que fue equivalente en regiones claras y más oscuras),PSNR=29.2; SSIM=0.567 (R3 vs R1),TV: PSNR≈37.5; SSIM≈0.913. Gaussiano σ=1.2: PSNR=37.4; SSIM=0.910,,"Ruido aditivo estacionario. TV elegido: mejor SSIM y aspecto más natural; NLM daba look ""plastificado"" pese a SSIM similar y por eso se descartó. Gaussiano fue probado debido a que el ruido es estacionario."
2026-09-21T03:22:21,Retina4_gris,Medición,ROI 1,fondo1,,Estadísticas de la región,,930,67.4763,3.1411,67.0000,2.9652,,,,varianza=9.8665; mad=2.0000,
2026-09-21T03:22:21,Retina4_gris,Medición,ROI 2,fondo2,,Estadísticas de la región,,616,120.0844,4.4498,120.0000,4.4478,,,,varianza=19.8010; mad=3.0000,
2026-09-21T03:22:21,Retina4_gris,Medición,ROI 3,blanco,,Estadísticas de la región,,238,228.7017,5.2978,229.0000,5.9304,,,,varianza=28.0667; mad=4.0000,
2026-09-21T03:22:24,Retina4_gris,Medición,Imagen completa (sin marco),,,Estadísticas de la región,,290521,83.9931,25.2349,80.0000,22.2390,,,,varianza=636.7978; mad=15.0000,
2026-09-21T03:22:32,Retina4_gris,1 - Diagnóstico,Imagen completa,,,Diagnóstico,tamano=539x539; sin_marco=True; ventana=7; wavelet=db2; niveles=3,290521,83.9931,25.2349,80.0000,22.2390,,,,rango_p1_p99=126.0000; sigma_wavelet=1.9853; sigma_wavelet_sobre_rango=0.0158; sigma_diferencias_mad=2.0967; curtosis_diferencias=3.7443; fraccion_impulsos=0.0000; pico_fft_prominencia=1.4708; pico_fft_periodo_px=23.9852; relacion_altas_medias=0.1585; autocorr_lag1_x=0.9784; autocorr_lag1_y=0.9883; autocorr_ancho_medio_x=31; autocorr_ancho_medio_y=122; fondo_borde_centro=0.9111; variabilidad_local_media=4.3076,resultados\diagnostico_Retina4_gris_Imagencompleta.png
2026-09-21T03:22:45,Retina4_gris,2 - Estimación de ruido,Imagen completa,,,Coeficientes wavelet,sin_marco=True; wavelet=db2,,,,,,1.9853,,,sigma_sobre_rango=0.0158; fraccion_impulsos=0.0000; sigma_por_multiples_rois=3.9647; sigma_por_diferencias_locales=2.0967,resultados\ruido_Retina4_gris_coeficientes_wavelet.png
2026-09-21T03:24:43,Retina4_gris,2 - Estimación de ruido,ROI 1,fondo1,,MAD,sin_marco=True,930,67.4763,3.1411,67.0000,2.9652,2.9652,,,sigma_sobre_rango=0.0235; mad=2.0000; fraccion_impulsos=0.0000; sigma_dif_locales_en_roi=2.0967; sigma_por_roi_homogenea=3.1411; sigma_por_multiples_rois=3.9647; sigma_por_diferencias_locales=2.0967; sigma_por_coeficientes_wavelet=2.2239,resultados\ruido_Retina4_gris_mad.png
2026-09-21T03:24:54,Retina4_gris,2 - Estimación de ruido,ROI 3,blanco,,MAD,sin_marco=True,238,228.7017,5.2978,229.0000,5.9304,5.9304,,,sigma_sobre_rango=0.0471; mad=4.0000; fraccion_impulsos=0.0000; sigma_dif_locales_en_roi=2.0967; sigma_por_roi_homogenea=5.2978; sigma_por_multiples_rois=3.9647; sigma_por_diferencias_locales=2.0967; sigma_por_coeficientes_wavelet=1.4826,resultados\ruido_Retina4_gris_mad.png
2026-09-21T03:25:05,Retina4_gris,2 - Estimación de ruido,ROI 2,fondo2,,MAD,sin_marco=True,616,120.0844,4.4498,120.0000,4.4478,4.4478,,,sigma_sobre_rango=0.0353; mad=3.0000; fraccion_impulsos=0.0000; sigma_dif_locales_en_roi=2.0967; sigma_por_roi_homogenea=4.4498; sigma_por_multiples_rois=3.9647; sigma_por_diferencias_locales=2.0967; sigma_por_coeficientes_wavelet=1.4826,resultados\ruido_Retina4_gris_mad.png
2026-09-21T03:30:51,Retina4_gris,4 - Restauración (deconvolución),Imagen completa,,,Wiener,psf=Gaussiana; sigma_psf=2.0000; psf_tamano=13x13; balance=0.0310,,,,,,,energia_gradiente=13.3628; sigma_wavelet=1.9853; desvio=25.2348,energia_gradiente=24.8298; sigma_wavelet=0.1321; desvio=26.2915,tiempo_s=0.0498; capa_resultado=Retina4_gris_wiener; balance_usado=0.0310,
2026-09-21T03:31:08,Retina4_gris,4 - Restauración (deconvolución),Imagen completa,,,Wiener,psf=Gaussiana; sigma_psf=2.0000; psf_tamano=13x13; balance=0.1000,,,,,,,energia_gradiente=13.3628; sigma_wavelet=1.9853; desvio=25.2348,energia_gradiente=18.4895; sigma_wavelet=0.0688; desvio=26.0224,tiempo_s=0.0414; capa_resultado=Retina4_gris_wiener; balance_usado=0.1000,
2026-09-21T03:31:37,Retina4_gris,4 - Restauración (deconvolución),Imagen completa,,,Wiener,psf=Gaussiana; sigma_psf=2.0000; psf_tamano=13x13; balance=0.0700,,,,,,,energia_gradiente=13.3628; sigma_wavelet=1.9853; desvio=25.2348,energia_gradiente=20.1492; sigma_wavelet=0.0839; desvio=26.1001,tiempo_s=0.0487; capa_resultado=Retina4_gris_wiener; balance_usado=0.0700,
2026-09-21T03:32:10,Retina4_gris,4 - Restauración (deconvolución),Imagen completa,,,Wiener,psf=Gaussiana; sigma_psf=2.0000; psf_tamano=13x13; balance=0.1000,,,,,,,energia_gradiente=13.3628; sigma_wavelet=1.9853; desvio=25.2348,energia_gradiente=18.4895; sigma_wavelet=0.0688; desvio=26.0224,tiempo_s=0.0510; capa_resultado=Retina4_gris_wiener; balance_usado=0.1000,
2026-09-21T03:36:04,Retina4_gris_wiener,7 - Evaluación,Imagen completa,,,Con y sin referencia (vs Retina1_gris),sin_marco=True; rois=3,,,,,,,media=84.0009; contraste_rms=25.7051; rango_p1_p99=130.0000; sigma_wavelet=0.5560; uniformidad_global=0.5747; fondo_borde_centro=0.9105; snr_roi1=27.6954; uniformidad_roi1=0.9443; snr_roi2=25.1197; uniformidad_roi2=0.9372; snr_roi3=48.2801; uniformidad_roi3=0.9649; cnr_roi1_roi2=13.8800; cnr_roi1_roi3=42.8606; cnr_roi2_roi3=22.8778; uniformidad_entre_rois=0.4549,media=83.9931; contraste_rms=26.0224; rango_p1_p99=131.9497; sigma_wavelet=0.0688; uniformidad_global=0.5695; fondo_borde_centro=0.9108; snr_roi1=21.3641; uniformidad_roi1=0.9268; snr_roi2=24.1751; uniformidad_roi2=0.9305; snr_roi3=45.9238; uniformidad_roi3=0.9650; cnr_roi1_roi2=12.5787; cnr_roi1_roi3=38.6641; cnr_roi2_roi3=21.9452; uniformidad_entre_rois=0.4556,mse=9.5492; rmse=3.0902; mae=2.3533; psnr_db=38.3311; ssim=0.9265; correlacion=0.9929; rango_datos=255.0000,
2026-09-21T03:37:06,Retina4_gris,7 - Evaluación,Imagen completa,,,Con y sin referencia (vs Retina1_gris),sin_marco=True; rois=3,,,,,,,media=84.0009; contraste_rms=25.7051; rango_p1_p99=130.0000; sigma_wavelet=0.5560; uniformidad_global=0.5747; fondo_borde_centro=0.9105; snr_roi1=27.6954; uniformidad_roi1=0.9443; snr_roi2=25.1197; uniformidad_roi2=0.9372; snr_roi3=48.2801; uniformidad_roi3=0.9649; cnr_roi1_roi2=13.8800; cnr_roi1_roi3=42.8606; cnr_roi2_roi3=22.8778; uniformidad_entre_rois=0.4549,media=83.9931; contraste_rms=25.2348; rango_p1_p99=126.0000; sigma_wavelet=1.9853; uniformidad_global=0.5829; fondo_borde_centro=0.9111; snr_roi1=21.4818; uniformidad_roi1=0.9290; snr_roi2=26.9863; uniformidad_roi2=0.9372; snr_roi3=43.1691; uniformidad_roi3=0.9623; cnr_roi1_roi2=13.6593; cnr_roi1_roi3=37.0202; cnr_roi2_roi3=22.2020; uniformidad_entre_rois=0.4556,mse=14.0553; rmse=3.7490; mae=2.8655; psnr_db=36.6524; ssim=0.8821; correlacion=0.9893; rango_datos=255.0000,
2026-09-21T03:37:49,Retina4,Pipeline,,,Desenfoque / pérdida de resolución,"Deconvolución Wiener (PSF gaussiana σ=1.5, balance=0.1) - lo comparamos con distintos balances (0.03 y 0.7)","Wiener: PSF gauss σ=1.5, balance=0.1",,,,,,σ≈2 (leve); PSF≈gaussiana σ≈1.5 (estimada comparando R1 borroneada vs R4),PSNR=36.7; SSIM=0.882 (R4 vs R1),Wiener: PSNR=37.5; SSIM=0.926,,"Desenfoque, sin problema de fondo ni de contraste. Wiener logra restaurar calidad de la imagen."
2026-09-21T03:45:01,Retina5_gris,Medición,ROI 2,fondo2,,Estadísticas de la región,,725,111.6221,15.3726,112.0000,19.2738,,,,varianza=236.3155; mad=13.0000,
2026-09-21T03:45:05,Retina5_gris,Medición,Imagen completa (sin marco),,,Estadísticas de la región,,290521,84.2596,29.1021,82.0000,26.6868,,,,varianza=846.9295; mad=18.0000,
2026-09-21T03:45:12,Retina5_gris,1 - Diagnóstico,Imagen completa,,,Diagnóstico,tamano=539x539; sin_marco=True; ventana=7; wavelet=db2; niveles=3,290521,84.2596,29.1021,82.0000,26.6868,,,,rango_p1_p99=144.0000; sigma_wavelet=0.5560; sigma_wavelet_sobre_rango=0.0039; sigma_diferencias_mad=2.0967; curtosis_diferencias=5.9076; fraccion_impulsos=0.0000; pico_fft_prominencia=4.7232; pico_fft_periodo_px=23.4348; relacion_altas_medias=0.2127; autocorr_lag1_x=0.9767; autocorr_lag1_y=0.9919; autocorr_ancho_medio_x=9; autocorr_ancho_medio_y=270; fondo_borde_centro=0.9303; variabilidad_local_media=8.3649,resultados\diagnostico_Retina5_gris_Imagencompleta.png
2026-09-21T03:45:36,Retina1,2 - Estimación de ruido,ROI 2,fondo2,,MAD,sin_marco=True,725,110.8083,5.6170,111.0000,5.9304,5.9304,,,sigma_sobre_rango=0.0456; mad=4.0000; fraccion_impulsos=0.0000; sigma_dif_locales_en_roi=1.0484; sigma_por_roi_homogenea=5.6170; sigma_por_multiples_rois=4.6535; sigma_por_diferencias_locales=1.0484; sigma_por_coeficientes_wavelet=0.5708,resultados\ruido_Retina1_mad.png
2026-09-21T03:46:19,Retina5_gris,4 - Artefacto periódico (notch),Imagen completa,,,Notch Gaussiano,picos=1; radio=5.0000; tipo=Gaussiano; pico1_periodo_px=23.4348; pico1_angulo=180.0000,,,,,,,energia_gradiente=31.6605; sigma_wavelet=0.5560; desvio=29.1020; pico_fft_prominencia=4.7232,energia_gradiente=19.6570; sigma_wavelet=0.5560; desvio=25.4544; pico_fft_prominencia=3.3880,fraccion_energia_removida=0.2127; correlacion_residuo_filtrada=0.0277; correlacion_residuo_original=0.4853; razon_energia_gradiente=0.6209; razon_varianza=0.7650; residuo_amplitud_pico_a_pico=67.8052; capa_resultado=Retina5_gris_notch,
2026-09-21T03:46:36,Retina5_gris,7 - Evaluación,Imagen completa,,,Con y sin referencia (vs Retina1_gris),sin_marco=True; rois=2,,,,,,,media=84.0009; contraste_rms=25.7051; rango_p1_p99=130.0000; sigma_wavelet=0.5560; uniformidad_global=0.5747; fondo_borde_centro=0.9105; snr_roi1=29.5436; uniformidad_roi1=0.9412; snr_roi2=19.7275; uniformidad_roi2=0.9189; cnr_roi1_roi2=9.9092; uniformidad_entre_rois=0.7623,media=84.2596; contraste_rms=29.1020; rango_p1_p99=144.0000; sigma_wavelet=0.5560; uniformidad_global=0.4943; fondo_borde_centro=0.9303; snr_roi1=5.4151; uniformidad_roi1=0.7368; snr_roi2=7.2611; uniformidad_roi2=0.7892; cnr_roi1_roi2=3.3940; uniformidad_entre_rois=0.7350,mse=182.0803; rmse=13.4937; mae=12.1325; psnr_db=25.5282; ssim=0.6882; correlacion=0.8861; rango_datos=255.0000,
2026-09-21T03:46:58,Retina5_gris_notch,7 - Evaluación,Imagen completa,,,Con y sin referencia (vs Retina1_gris),sin_marco=True; rois=2,,,,,,,media=84.0009; contraste_rms=25.7051; rango_p1_p99=130.0000; sigma_wavelet=0.5560; uniformidad_global=0.5747; fondo_borde_centro=0.9105; snr_roi1=29.5436; uniformidad_roi1=0.9412; snr_roi2=19.7275; uniformidad_roi2=0.9189; cnr_roi1_roi2=9.9092; uniformidad_entre_rois=0.7623,media=84.2553; contraste_rms=25.4544; rango_p1_p99=130.4054; sigma_wavelet=0.5560; uniformidad_global=0.5730; fondo_borde_centro=0.9240; snr_roi1=29.1659; uniformidad_roi1=0.9417; snr_roi2=20.3225; uniformidad_roi2=0.9239; cnr_roi1_roi2=10.0897; uniformidad_entre_rois=0.7637,mse=12.7875; rmse=3.5760; mae=1.4890; psnr_db=37.0629; ssim=0.9812; correlacion=0.9903; rango_datos=255.0000,
2026-09-21T03:49:09,Retina5,Pipeline,,,Artefacto estructurado,Filtro notch (Gaussiano) sobre el fundamental,"pico fundamental (dy=0, dx=±23; período≈23 px, f≈0.043 cy/px); radio=5; solo fundamental (armónicos descartados)",,,,,,σ_wavelet≈0.56 (no es necesario tratarlo),PSNR=25.5; SSIM=0.688 (R5 vs R1),PSNR=36.7; SSIM=0.978 (notch vs R1),,"Rayas verticales período ~23 px. Solo se filtra el fundamental (2º armónico 20× más débil, entonces filtrarlo saca señal real sin mejora). El residuo contiene solo las rayas: no se eliminó información relevante."
2026-09-21T04:02:41,Retina6_gris,Medición,Imagen completa (sin marco),,,Estadísticas de la región,,290521,89.7371,15.2278,89.0000,16.3086,,,,varianza=231.8860; mad=11.0000,
2026-09-21T04:02:45,Retina6_gris,Medición,ROI 1,fondo2,,Estadísticas de la región,,361,87.5623,1.3404,88.0000,1.4826,,,,varianza=1.7968; mad=1.0000,
2026-09-21T04:02:45,Retina6_gris,Medición,ROI 2,fondo1,,Estadísticas de la región,,462,111.9437,2.7580,112.0000,2.9652,,,,varianza=7.6064; mad=2.0000,
2026-09-21T04:02:57,Retina6_gris,1 - Diagnóstico,Imagen completa,,,Diagnóstico,tamano=539x539; sin_marco=True; ventana=7; wavelet=db2; niveles=3,290521,89.7371,15.2278,89.0000,16.3086,,,,rango_p1_p99=68.0000; sigma_wavelet=0.4203; sigma_wavelet_sobre_rango=0.0062; sigma_diferencias_mad=1.0484; curtosis_diferencias=9.1780; fraccion_impulsos=0.0000; pico_fft_prominencia=1.5504; pico_fft_periodo_px=4.3466; relacion_altas_medias=0.2284; autocorr_lag1_x=0.9852; autocorr_lag1_y=0.9894; autocorr_ancho_medio_x=48; autocorr_ancho_medio_y=71; fondo_borde_centro=0.7220; variabilidad_local_media=2.8593,resultados\diagnostico_Retina6_gris_Imagencompleta.png
2026-09-21T04:03:16,Retina6_gris,2 - Estimación de ruido,ROI 1,fondo2,,Coeficientes wavelet,sin_marco=True; wavelet=db2,,,,,,0.2532,,,sigma_sobre_rango=0.0037; fraccion_impulsos=0.0000; sigma_dif_locales_en_roi=0.0000; sigma_por_roi_homogenea=1.3404; sigma_por_multiples_rois=2.2492; sigma_por_mad=1.4826; sigma_por_diferencias_locales=0.0000,resultados\ruido_Retina6_gris_coeficientes_wavelet.png
2026-09-21T04:06:20,Retina6_gris,5 - Corrección de fondo,Imagen completa,,,Kernel de gran escala,sigma_fondo=60.0000; tipo_kernel=Gaussiano; modo_correccion=Resta; conservar_nivel=True,,,,,,,media=89.7371; desvio=15.2278; fondo_borde_centro=0.7220; rango_fondo_suave=37.2377; sigma_wavelet=0.4203; cv_medias_rois=0.1222,media=89.7371; desvio=8.9526; fondo_borde_centro=0.9169; rango_fondo_suave=12.4796; sigma_wavelet=0.4203; cv_medias_rois=0.0262,tiempo_s=0.1508; capa_resultado=Retina6_gris_kernel_de_gran_escala,
2026-09-21T04:07:21,Retina6_gris,5 - Corrección de fondo,Imagen completa,,,Kernel de gran escala,sigma_fondo=33.3333; factor_barrido=1.8000,,,,,,,media=89.7371; desvio=15.2278; fondo_borde_centro=0.7220; rango_fondo_suave=37.2377; sigma_wavelet=0.4203; cv_medias_rois=0.1222,media=89.7371; desvio=7.2607; fondo_borde_centro=0.9662; rango_fondo_suave=5.8909; sigma_wavelet=0.4203; cv_medias_rois=0.0224,capa_resultado=Retina6_gris_kernel_de_gran_escala_sobrecorreccion,barrido: sobrecorrección
2026-09-21T04:07:21,Retina6_gris,5 - Corrección de fondo,Imagen completa,,,Kernel de gran escala,sigma_fondo=60.0000; factor_barrido=1.8000,,,,,,,media=89.7371; desvio=15.2278; fondo_borde_centro=0.7220; rango_fondo_suave=37.2377; sigma_wavelet=0.4203; cv_medias_rois=0.1222,media=89.7371; desvio=8.9526; fondo_borde_centro=0.9169; rango_fondo_suave=12.4796; sigma_wavelet=0.4203; cv_medias_rois=0.0262,capa_resultado=Retina6_gris_kernel_de_gran_escala_correccion_adecuada,barrido: corrección adecuada
2026-09-21T04:07:22,Retina6_gris,5 - Corrección de fondo,Imagen completa,,,Kernel de gran escala,sigma_fondo=108.0000; factor_barrido=1.8000,,,,,,,media=89.7371; desvio=15.2278; fondo_borde_centro=0.7220; rango_fondo_suave=37.2377; sigma_wavelet=0.4203; cv_medias_rois=0.1222,media=89.7371; desvio=11.0313; fondo_borde_centro=0.8279; rango_fondo_suave=21.0763; sigma_wavelet=0.4203; cv_medias_rois=0.0426,capa_resultado=Retina6_gris_kernel_de_gran_escala_subcorreccion,barrido: subcorrección
2026-09-21T04:07:54,Retina6_gris,5 - Corrección de fondo,Imagen completa,,,Kernel de gran escala,sigma_fondo=20.0000; factor_barrido=3.0000,,,,,,,media=89.7371; desvio=15.2278; fondo_borde_centro=0.7220; rango_fondo_suave=37.2377; sigma_wavelet=0.4203; cv_medias_rois=0.1222,media=89.7371; desvio=6.2849; fondo_borde_centro=0.9864; rango_fondo_suave=2.5566; sigma_wavelet=0.4203; cv_medias_rois=0.0202,capa_resultado=Retina6_gris_kernel_de_gran_escala_sobrecorreccion,barrido: sobrecorrección
2026-09-21T04:07:55,Retina6_gris,5 - Corrección de fondo,Imagen completa,,,Kernel de gran escala,sigma_fondo=60.0000; factor_barrido=3.0000,,,,,,,media=89.7371; desvio=15.2278; fondo_borde_centro=0.7220; rango_fondo_suave=37.2377; sigma_wavelet=0.4203; cv_medias_rois=0.1222,media=89.7371; desvio=8.9526; fondo_borde_centro=0.9169; rango_fondo_suave=12.4796; sigma_wavelet=0.4203; cv_medias_rois=0.0262,capa_resultado=Retina6_gris_kernel_de_gran_escala_correccion_adecuada,barrido: corrección adecuada
2026-09-21T04:07:55,Retina6_gris,5 - Corrección de fondo,Imagen completa,,,Kernel de gran escala,sigma_fondo=180.0000; factor_barrido=3.0000,,,,,,,media=89.7371; desvio=15.2278; fondo_borde_centro=0.7220; rango_fondo_suave=37.2377; sigma_wavelet=0.4203; cv_medias_rois=0.1222,media=89.7371; desvio=13.0460; fondo_borde_centro=0.7464; rango_fondo_suave=28.1607; sigma_wavelet=0.4203; cv_medias_rois=0.0721,capa_resultado=Retina6_gris_kernel_de_gran_escala_subcorreccion,barrido: subcorrección
2026-09-21T04:09:29,Retina6_gris_kernel_de_gran_escala,6 - Realce,Imagen completa,,,CLAHE,tamano_mosaico=64; limite_contraste=0.0100,,,,,,,media=89.7371; contraste_rms=8.9526; rango_p1_p99=48.1438; entropia=6.2756; sigma_wavelet=0.4203; fraccion_saturados=0.0000; snr_roi1=95.3360; snr_roi2=38.9447; cnr_roi1_roi2=2.6211,media=94.8477; contraste_rms=14.0784; rango_p1_p99=71.8376; entropia=7.0986; sigma_wavelet=0.9848; fraccion_saturados=0.0002; snr_roi1=41.0297; snr_roi2=20.3454; cnr_roi1_roi2=2.3115,razon_sigma_wavelet=2.3430; razon_contraste_rms=1.5725; razon_entropia=1.1311; correlacion_con_original=0.9155; tiempo_s=0.0452; capa_resultado=Retina6_gris_kernel_de_gran_escala_clahe,
2026-09-21T04:09:50,Retina6_gris_kernel_de_gran_escala_clahe,7 - Evaluación,Imagen completa,,,Con y sin referencia (vs Retina1_gris),sin_marco=True; rois=2,,,,,,,media=84.0009; contraste_rms=25.7051; rango_p1_p99=130.0000; sigma_wavelet=0.5560; uniformidad_global=0.5747; fondo_borde_centro=0.9105; snr_roi1=40.6422; uniformidad_roi1=0.9630; snr_roi2=23.9580; uniformidad_roi2=0.9381; cnr_roi1_roi2=12.8853; uniformidad_entre_rois=0.7475,media=94.8477; contraste_rms=14.0784; rango_p1_p99=71.8376; sigma_wavelet=0.9848; uniformidad_global=0.7344; fondo_borde_centro=0.9202; snr_roi1=41.0297; uniformidad_roi1=0.9612; snr_roi2=20.3454; uniformidad_roi2=0.9191; cnr_roi1_roi2=2.3115; uniformidad_entre_rois=0.9539,mse=565.6089; rmse=23.7825; mae=19.7692; psnr_db=20.6056; ssim=0.9322; correlacion=0.5679; rango_datos=255.0000,
2026-09-21T04:10:48,Retina6_gris_kernel_de_gran_escala_correccion_adecuada,6 - Realce,Imagen completa,,,CLAHE,tamano_mosaico=64; limite_contraste=0.0100,,,,,,,media=89.7371; contraste_rms=8.9526; rango_p1_p99=48.1438; entropia=6.2756; sigma_wavelet=0.4203; fraccion_saturados=0.0000; snr_roi1=95.3360; snr_roi2=38.9447; cnr_roi1_roi2=2.6211,media=94.8477; contraste_rms=14.0784; rango_p1_p99=71.8376; entropia=7.0986; sigma_wavelet=0.9848; fraccion_saturados=0.0002; snr_roi1=41.0297; snr_roi2=20.3454; cnr_roi1_roi2=2.3115,razon_sigma_wavelet=2.3430; razon_contraste_rms=1.5725; razon_entropia=1.1311; correlacion_con_original=0.9155; tiempo_s=0.0389; capa_resultado=Retina6_gris_kernel_de_gran_escala_correccion_adecuada_clahe,
2026-09-21T04:11:05,Retina6_gris_kernel_de_gran_escala_correccion_adecuada_clahe,7 - Evaluación,Imagen completa,,,Con y sin referencia (vs Retina1_gris),sin_marco=True; rois=2,,,,,,,media=84.0009; contraste_rms=25.7051; rango_p1_p99=130.0000; sigma_wavelet=0.5560; uniformidad_global=0.5747; fondo_borde_centro=0.9105; snr_roi1=40.6422; uniformidad_roi1=0.9630; snr_roi2=23.9580; uniformidad_roi2=0.9381; cnr_roi1_roi2=12.8853; uniformidad_entre_rois=0.7475,media=94.8477; contraste_rms=14.0784; rango_p1_p99=71.8376; sigma_wavelet=0.9848; uniformidad_global=0.7344; fondo_borde_centro=0.9202; snr_roi1=41.0297; uniformidad_roi1=0.9612; snr_roi2=20.3454; uniformidad_roi2=0.9191; cnr_roi1_roi2=2.3115; uniformidad_entre_rois=0.9539,mse=565.6089; rmse=23.7825; mae=19.7692; psnr_db=20.6056; ssim=0.9322; correlacion=0.5679; rango_datos=255.0000,
2026-09-21T04:11:49,Retina6_gris,7 - Evaluación,Imagen completa,,,Con y sin referencia (vs Retina1_gris),sin_marco=True; rois=2,,,,,,,media=84.0009; contraste_rms=25.7051; rango_p1_p99=130.0000; sigma_wavelet=0.5560; uniformidad_global=0.5747; fondo_borde_centro=0.9105; snr_roi1=40.6422; uniformidad_roi1=0.9630; snr_roi2=23.9580; uniformidad_roi2=0.9381; cnr_roi1_roi2=12.8853; uniformidad_entre_rois=0.7475,media=89.7371; contraste_rms=15.2278; rango_p1_p99=68.0000; sigma_wavelet=0.4203; uniformidad_global=0.7528; fondo_borde_centro=0.7220; snr_roi1=65.3232; uniformidad_roi1=0.9773; snr_roi2=40.5892; uniformidad_roi2=0.9643; cnr_roi1_roi2=11.2444; uniformidad_entre_rois=0.8778,mse=264.9289; rmse=16.2766; mae=13.5385; psnr_db=23.8995; ssim=0.9410; correlacion=0.8438; rango_datos=255.0000,
2026-09-21T04:13:33,Retina6,Pipeline,,,Fondo / inhomogeneidad,"Corrección de fondo (sustracción, σ=60) y CLAHE (clip=0.01, k=64)","Fondo: gaussiano σ=60, sustracción. CLAHE: clip=0.01, k=64",,,,,,σ<0.4 (no hay ruido; degradación = fondo + contraste),contraste=15.2; entropía=5.88; fondo b/c=0.723,contraste=34.9; entropía=7.10; fondo b/c=0.917,,Vignetting + bajo contraste. Orden justificado: fondo primero (b/c 0.723→0.917) y realce después: contraste 34.9; orden inverso da solo 23.2.
2026-09-21T04:25:15,Retina7_gris,Medición,ROI 1,,,Estadísticas de la región,,638,66.1740,9.9033,65.0000,2.9652,,,,varianza=98.0749; mad=2.0000,
2026-09-21T04:25:15,Retina7_gris,Medición,ROI 2,,,Estadísticas de la región,,930,104.1462,9.4665,104.0000,4.4478,,,,varianza=89.6148; mad=3.0000,
2026-09-21T04:25:17,Retina7_gris,Medición,Imagen completa (sin marco),,,Estadísticas de la región,,290521,84.8911,27.1966,80.0000,23.7216,,,,varianza=739.6524; mad=16.0000,
2026-09-21T04:25:28,Retina7_gris,1 - Diagnóstico,Imagen completa,,,Diagnóstico,tamano=539x539; sin_marco=True; ventana=7; wavelet=db2; niveles=3,290521,84.8911,27.1966,80.0000,23.7216,,,,rango_p1_p99=143.0000; sigma_wavelet=1.5752; sigma_wavelet_sobre_rango=0.0110; sigma_diferencias_mad=2.0967; curtosis_diferencias=20.2673; fraccion_impulsos=0.0077; pico_fft_prominencia=1.4745; pico_fft_periodo_px=1.4930; relacion_altas_medias=0.6170; autocorr_lag1_x=0.8653; autocorr_lag1_y=0.8717; autocorr_ancho_medio_x=22; autocorr_ancho_medio_y=71; fondo_borde_centro=0.9160; variabilidad_local_media=10.7782,resultados\diagnostico_Retina7_gris_Imagencompleta.png
2026-09-21T04:25:46,Retina7_gris,2 - Estimación de ruido,ROI 2,,,Coeficientes wavelet,sin_marco=True; wavelet=db2,,,,,,1.3549,,,sigma_sobre_rango=0.0095; fraccion_impulsos=0.0030; sigma_dif_locales_en_roi=2.0967; sigma_por_roi_homogenea=9.4665; sigma_por_multiples_rois=9.6466; sigma_por_mad=4.4478; sigma_por_diferencias_locales=2.0967,resultados\ruido_Retina7_gris_coeficientes_wavelet.png
2026-09-21T04:26:27,Retina7_gris,3 - Reducción de ruido,Imagen completa,,,Mediana,ventana_mediana=3; forma_mediana=Cuadrada; umbral_impulso=0.0000,,,,,,,sigma_wavelet=1.5752; media_roi=104.1462; desvio_roi=9.4665,sigma_wavelet=0.5741; media_roi=103.8172; desvio_roi=3.5529,tiempo_s=0.0318; residuo_media=0.8008; residuo_desvio=9.8910; capa_resultado=Retina7_gris_mediana; roi_medida=ROI 2,
2026-09-21T04:27:23,Retina7_gris_mediana,7 - Evaluación,Imagen completa,,,Con y sin referencia (vs Retina1_gris),sin_marco=True; rois=2,,,,,,,media=84.0009; contraste_rms=25.7051; rango_p1_p99=130.0000; sigma_wavelet=0.5560; uniformidad_global=0.5747; fondo_borde_centro=0.9105; snr_roi1=26.2813; uniformidad_roi1=0.9385; snr_roi2=25.0364; uniformidad_roi2=0.9327; cnr_roi1_roi2=11.3669; uniformidad_entre_rois=0.7701,media=84.0903; contraste_rms=25.5475; rango_p1_p99=128.0000; sigma_wavelet=0.5741; uniformidad_global=0.5829; fondo_borde_centro=0.9115; snr_roi1=29.3311; uniformidad_roi1=0.9454; snr_roi2=29.2203; uniformidad_roi2=0.9423; cnr_roi1_roi2=13.0894; uniformidad_entre_rois=0.7704,mse=3.8048; rmse=1.9506; mae=1.0508; psnr_db=42.3275; ssim=0.9699; correlacion=0.9971; rango_datos=255.0000,
2026-09-21T04:28:03,Retina7_gris,7 - Evaluación,Imagen completa,,,Con y sin referencia (vs Retina1_gris),sin_marco=True; rois=2,,,,,,,media=84.0009; contraste_rms=25.7051; rango_p1_p99=130.0000; sigma_wavelet=0.5560; uniformidad_global=0.5747; fondo_borde_centro=0.9105; snr_roi1=26.2813; uniformidad_roi1=0.9385; snr_roi2=25.0364; uniformidad_roi2=0.9327; cnr_roi1_roi2=11.3669; uniformidad_entre_rois=0.7701,media=84.8911; contraste_rms=27.1965; rango_p1_p99=143.0000; sigma_wavelet=1.5752; uniformidad_global=0.5537; fondo_borde_centro=0.9160; snr_roi1=6.6820; uniformidad_roi1=0.9091; snr_roi2=11.0015; uniformidad_roi2=0.9231; cnr_roi1_roi2=3.9198; uniformidad_entre_rois=0.7771,mse=106.5821; rmse=10.3239; mae=2.5285; psnr_db=27.8540; ssim=0.5872; correlacion=0.9259; rango_datos=255.0000,
2026-09-21T04:31:05,Retina7,Pipeline,,,Ruido,Mediana 3×3. Fue comparada con Gaussiano (que falla),Mediana ventana=3 (5×5 = sobre-suaviza),,,,,,"frac. impulso  no era 0, como en el resto de los casos. Además se observa en histograma",PSNR=27.9; SSIM=0.587 (R7 vs R1),PSNR=42.3; SSIM=0.970 (mediana vs R1),,Sal y pimienta identificado por frac. impulsos. Mediana (no-lineal) elimina outliers sin promediarlos. Ningún filtro lineal/de parches funcionaría.
